,Date,price,quantity,symbol,direction
0,2018-01-08 12:00:00.000,15632.480000000000,-0.006404623206,BTC-USDT,CLOSE
1,2018-01-13 20:25:00.000,14270.000000000000,0.006404623206,BTC-USDT,OPEN
2,2018-01-14 16:00:00.000,13590.000000000000,-0.007367192360,BTC-USDT,CLOSE
3,2018-01-15 20:47:00.000,13949.000000000000,0.007367192360,BTC-USDT,OPEN
4,2018-01-16 08:00:00.000,13500.000000000000,-0.007416306976,BTC-USDT,CLOSE
5,2018-01-20 09:22:00.000,11570.000000000000,0.007416306976,BTC-USDT,OPEN
6,2018-01-22 00:00:00.000,11420.990000000000,-0.008766327978,BTC-USDT,CLOSE
7,2018-01-25 09:29:00.000,11399.900000000000,0.008766327978,BTC-USDT,OPEN
8,2018-01-26 00:00:00.000,10998.990000000000,-0.009102667079,BTC-USDT,CLOSE
9,2018-01-26 02:58:00.000,11290.110000000001,0.009102667079,BTC-USDT,OPEN
10,2018-01-26 20:00:00.000,10510.000000000000,-0.009526179274,BTC-USDT,CLOSE
11,2018-01-27 00:01:00.000,11222.000000000000,0.009526179274,BTC-USDT,OPEN
12,2018-01-27 04:00:00.000,10932.990000000000,-0.009157617831,BTC-USDT,CLOSE
13,2018-01-27 14:08:00.000,11274.959999999999,0.009157617831,BTC-USDT,OPEN
14,2018-01-27 20:00:00.000,11018.000000000000,-0.009086961715,BTC-USDT,CLOSE
15,2018-01-27 23:47:00.000,11333.639999999999,0.009086961715,BTC-USDT,OPEN
16,2018-01-29 16:00:00.000,11320.000000000000,-0.008844535704,BTC-USDT,CLOSE
17,2018-02-07 19:03:00.000,8199.000000000000,0.008844535704,BTC-USDT,OPEN
18,2018-02-08 08:00:00.000,7599.000000000000,-0.013175436791,BTC-USDT,CLOSE
19,2018-02-09 17:59:14.789,7789.900000000000,0.013175436791,BTC-USDT,OPEN
20,2018-02-21 12:00:00.000,10919.000000000000,-0.009169351055,BTC-USDT,CLOSE
21,2018-02-21 17:42:00.000,11147.000000000000,0.009169351055,BTC-USDT,OPEN
22,2018-02-21 20:00:00.000,10948.020000000000,-0.009145045787,BTC-USDT,CLOSE
23,2018-02-26 21:02:00.000,9955.549999999999,0.009145045787,BTC-USDT,OPEN
24,2018-03-06 12:00:00.000,11280.010000000000,-0.008875891437,BTC-USDT,CLOSE
25,2018-03-12 01:46:00.000,9400.000000000000,0.008875891437,BTC-USDT,OPEN
26,2018-03-13 04:00:00.000,8934.990000000000,-0.011205400809,BTC-USDT,CLOSE
27,2018-03-13 12:15:00.000,9300.750000000000,0.011205400809,BTC-USDT,OPEN
28,2018-03-13 20:00:00.000,9049.469999999999,-0.011063647282,BTC-USDT,CLOSE
29,2018-03-19 05:56:00.000,8175.000000000000,0.011063647282,BTC-USDT,OPEN
30,2018-03-23 00:00:00.000,8611.510000000000,-0.011626316891,BTC-USDT,CLOSE
31,2018-03-24 07:54:00.000,8840.559999999999,0.011626316891,BTC-USDT,OPEN
32,2018-03-24 20:00:00.000,8723.000000000000,-0.011477719153,BTC-USDT,CLOSE
33,2018-03-24 22:38:00.000,8876.180000000000,0.011477719153,BTC-USDT,OPEN
34,2018-03-25 08:00:00.000,8531.250000000000,-0.011735694555,BTC-USDT,CLOSE
35,2018-04-02 19:13:00.000,7071.000000000000,0.011735694555,BTC-USDT,OPEN
36,2018-04-04 20:00:00.000,7055.000000000000,-0.014191374085,BTC-USDT,CLOSE
37,2018-04-07 23:28:00.000,6901.010000000000,0.014191374085,BTC-USDT,OPEN
38,2018-04-09 20:00:00.000,6740.000000000000,-0.014854620797,BTC-USDT,CLOSE
39,2018-04-11 21:39:00.000,6953.000000000000,0.014854620797,BTC-USDT,OPEN
40,2018-04-12 16:00:00.000,6826.620000000000,-0.014666137001,BTC-USDT,CLOSE
41,2018-04-12 19:06:00.000,6974.570000000000,0.014666137001,BTC-USDT,OPEN
42,2018-04-17 00:00:00.000,7971.980000000000,-0.012559005940,BTC-USDT,CLOSE
43,2018-04-19 04:18:00.000,8149.000000000000,0.012559005940,BTC-USDT,OPEN
44,2018-04-26 00:00:00.000,8972.090000000000,-0.011159065967,BTC-USDT,CLOSE
45,2018-04-26 05:58:00.000,9170.000000000000,0.011159065967,BTC-USDT,OPEN
46,2018-04-28 04:00:00.000,9089.120000000001,-0.011015383687,BTC-USDT,CLOSE
47,2018-04-28 16:35:00.000,9246.330000000000,0.011015383687,BTC-USDT,OPEN
48,2018-05-01 08:00:00.000,9246.010000000000,-0.010828470245,BTC-USDT,CLOSE
49,2018-05-03 10:59:00.000,9254.959999999999,0.010828470245,BTC-USDT,OPEN
50,2018-05-06 20:00:00.000,9536.980000000000,-0.010498097319,BTC-USDT,CLOSE
51,2018-05-10 21:17:00.000,9378.969999999999,0.010498097319,BTC-USDT,OPEN
52,2018-05-11 04:00:00.000,9085.000000000000,-0.011020379105,BTC-USDT,CLOSE
53,2018-05-14 21:56:00.000,8640.700000000001,0.011020379105,BTC-USDT,OPEN
54,2018-05-16 00:00:00.000,8513.080000000000,-0.011760742783,BTC-USDT,CLOSE
55,2018-05-19 19:58:00.000,8295.000000000000,0.011760742783,BTC-USDT,OPEN
56,2018-05-31 00:00:00.000,7324.810000000000,-0.013668633613,BTC-USDT,CLOSE
57,2018-05-31 07:28:00.000,7389.000000000000,0.013668633613,BTC-USDT,OPEN
58,2018-06-01 20:00:00.000,7361.490000000000,-0.013600527091,BTC-USDT,CLOSE
59,2018-06-02 06:25:00.000,7466.020000000000,0.013600527091,BTC-USDT,OPEN
60,2018-06-04 20:00:00.000,7505.000000000000,-0.013340458917,BTC-USDT,CLOSE
61,2018-06-06 01:41:00.000,7613.260000000000,0.013340458917,BTC-USDT,OPEN
62,2018-06-06 12:00:00.000,7595.000000000000,-0.013182375796,BTC-USDT,CLOSE
63,2018-06-06 15:17:00.000,7648.330000000000,0.013182375796,BTC-USDT,OPEN
64,2018-06-07 04:00:00.000,7523.100000000000,-0.013308362799,BTC-USDT,CLOSE
65,2018-06-07 04:53:00.000,7611.840000000000,0.013308362799,BTC-USDT,OPEN
66,2018-06-08 20:00:00.000,7558.990000000000,-0.013245174841,BTC-USDT,CLOSE
67,2018-06-08 23:58:00.000,7582.120000000000,0.013245174841,BTC-USDT,OPEN
68,2018-06-09 08:00:00.000,7603.440000000000,-0.013167743044,BTC-USDT,CLOSE
69,2018-06-09 10:05:00.000,7663.000000000000,0.013167743044,BTC-USDT,OPEN
70,2018-06-09 20:00:00.000,7635.010000000000,-0.013113295749,BTC-USDT,CLOSE
71,2018-06-15 02:05:00.000,6661.940000000000,0.013113295749,BTC-USDT,OPEN
72,2018-06-15 16:00:00.000,6563.470000000000,-0.015254148213,BTC-USDT,CLOSE
73,2018-06-15 19:06:00.000,6620.000000000000,0.015254148213,BTC-USDT,OPEN
74,2018-06-18 08:00:00.000,6444.060000000000,-0.015536811292,BTC-USDT,CLOSE
75,2018-06-19 00:27:00.000,6509.400000000000,0.015536811292,BTC-USDT,OPEN
76,2018-06-22 12:00:00.000,6660.290000000000,-0.015032400117,BTC-USDT,CLOSE
77,2018-06-25 22:26:00.000,6225.000000000000,0.015032400117,BTC-USDT,OPEN
78,2018-06-27 08:00:00.000,6065.890000000000,-0.016505433526,BTC-USDT,CLOSE
79,2018-06-30 06:32:00.000,6161.410000000000,0.016505433526,BTC-USDT,OPEN
80,2018-07-10 12:00:00.000,6632.140000000000,-0.015096204871,BTC-USDT,CLOSE
81,2018-07-15 04:39:00.000,6287.530000000000,0.015096204871,BTC-USDT,OPEN
82,2018-07-15 08:00:00.000,6250.900000000000,-0.016016916632,BTC-USDT,CLOSE
83,2018-07-15 16:15:00.000,6287.360000000000,0.016016916632,BTC-USDT,OPEN
84,2018-07-21 12:00:00.000,7280.010000000000,-0.013752748166,BTC-USDT,CLOSE
85,2018-07-22 09:50:00.000,7454.300000000000,0.013752748166,BTC-USDT,OPEN
86,2018-07-22 16:00:00.000,7395.030000000000,-0.013538842192,BTC-USDT,CLOSE
87,2018-07-22 18:41:00.000,7461.370000000000,0.013538842192,BTC-USDT,OPEN
88,2018-07-23 08:00:00.000,7394.780000000000,-0.013539299908,BTC-USDT,CLOSE
89,2018-07-23 09:43:00.000,7476.130000000000,0.013539299908,BTC-USDT,OPEN
90,2018-07-27 08:00:00.000,7920.000000000000,-0.012641432345,BTC-USDT,CLOSE
91,2018-07-27 23:54:00.000,8167.800000000000,0.012641432345,BTC-USDT,OPEN
92,2018-07-28 12:00:00.000,8164.990000000000,-0.012262126980,BTC-USDT,CLOSE
93,2018-07-29 07:59:00.000,8216.010000000000,0.012262126980,BTC-USDT,OPEN
94,2018-07-31 00:00:00.000,8122.950000000000,-0.012325589124,BTC-USDT,CLOSE
95,2018-07-31 04:30:00.000,8189.640000000000,0.012325589124,BTC-USDT,OPEN
96,2018-07-31 12:00:00.000,8129.970000000000,-0.012314946325,BTC-USDT,CLOSE
97,2018-08-12 01:34:00.000,6429.990000000000,0.012314946325,BTC-USDT,OPEN
98,2018-08-12 08:00:00.000,6222.550000000000,-0.016089889864,BTC-USDT,CLOSE
99,2018-08-13 03:36:00.000,6339.820000000000,0.016089889864,BTC-USDT,OPEN
100,2018-08-13 08:00:00.000,6308.560000000000,-0.015870522619,BTC-USDT,CLOSE
101,2018-08-13 14:17:00.000,6360.130000000000,0.015870522619,BTC-USDT,OPEN
102,2018-08-14 00:00:00.000,6288.000000000000,-0.015922414786,BTC-USDT,CLOSE
103,2018-08-15 12:13:00.000,6283.220000000000,0.015922414786,BTC-USDT,OPEN
104,2018-08-19 00:00:00.000,6356.930000000000,-0.015749763514,BTC-USDT,CLOSE
105,2018-08-20 04:53:00.000,6460.990000000000,0.015749763514,BTC-USDT,OPEN
106,2018-08-21 00:00:00.000,6427.440000000000,-0.015576986199,BTC-USDT,CLOSE
107,2018-08-21 00:37:00.000,6465.770000000000,0.015576986199,BTC-USDT,OPEN
108,2018-08-21 08:00:00.000,6251.000000000000,-0.016016660402,BTC-USDT,CLOSE
109,2018-08-21 16:13:00.000,6478.160000000000,0.016016660402,BTC-USDT,OPEN
110,2018-08-22 00:00:00.000,6416.750000000000,-0.015602936716,BTC-USDT,CLOSE
111,2018-08-22 05:18:00.000,6470.390000000000,0.015602936716,BTC-USDT,OPEN
112,2018-08-23 04:00:00.000,6438.210000000000,-0.015550928623,BTC-USDT,CLOSE
113,2018-08-24 06:07:00.000,6499.910000000000,0.015550928623,BTC-USDT,OPEN
114,2018-08-30 20:00:00.000,6873.990000000000,-0.014565069803,BTC-USDT,CLOSE
115,2018-08-31 07:39:00.000,6968.000000000000,0.014565069803,BTC-USDT,OPEN
116,2018-09-05 20:00:00.000,6991.020000000000,-0.014321249857,BTC-USDT,CLOSE
117,2018-09-11 10:00:00.000,6385.470000000000,0.014321249857,BTC-USDT,OPEN
118,2018-09-11 16:00:00.000,6310.190000000000,-0.015866423067,BTC-USDT,CLOSE
119,2018-09-13 02:41:00.000,6317.000000000000,0.015866423067,BTC-USDT,OPEN
120,2018-09-16 16:00:00.000,6447.820000000000,-0.015527751112,BTC-USDT,CLOSE
121,2018-09-16 18:51:00.000,6500.000000000000,0.015527751112,BTC-USDT,OPEN
122,2018-09-17 16:00:00.000,6480.030000000000,-0.015450568002,BTC-USDT,CLOSE
123,2018-09-20 03:20:00.000,6348.990000000000,0.015450568002,BTC-USDT,OPEN
124,2018-09-24 20:00:00.000,6577.050000000000,-0.015222652127,BTC-USDT,CLOSE
125,2018-09-28 03:48:00.000,6553.790000000000,0.015222652127,BTC-USDT,OPEN
126,2018-09-29 12:00:00.000,6503.820000000000,-0.015394052137,BTC-USDT,CLOSE
127,2018-09-29 17:16:00.000,6578.030000000000,0.015394052137,BTC-USDT,OPEN
128,2018-09-30 12:00:00.000,6576.340000000000,-0.015224295607,BTC-USDT,CLOSE
129,2018-09-30 18:32:00.000,6620.600000000000,0.015224295607,BTC-USDT,OPEN
130,2018-10-01 16:00:00.000,6604.810000000000,-0.015158671358,BTC-USDT,CLOSE
131,2018-10-04 09:07:00.000,6585.990000000000,0.015158671358,BTC-USDT,OPEN
132,2018-10-07 16:00:00.000,6569.460000000000,-0.015240239559,BTC-USDT,CLOSE
133,2018-10-08 07:31:00.000,6614.990000000000,0.015240239559,BTC-USDT,OPEN
134,2018-10-10 12:00:00.000,6612.200000000000,-0.015141729556,BTC-USDT,CLOSE
135,2018-10-11 02:47:00.000,6635.210000000000,0.015141729556,BTC-USDT,OPEN
136,2018-10-11 12:00:00.000,6340.520000000000,-0.015790525725,BTC-USDT,CLOSE
137,2018-10-14 12:16:00.000,6386.990000000000,0.015790525725,BTC-USDT,OPEN
138,2018-10-22 08:00:00.000,6590.120000000000,-0.015192461469,BTC-USDT,CLOSE
139,2018-10-22 13:30:00.000,6629.210000000000,0.015192461469,BTC-USDT,OPEN
140,2018-10-22 20:00:00.000,6594.500000000000,-0.015182370790,BTC-USDT,CLOSE
141,2018-10-24 12:56:00.000,6601.450000000000,0.015182370790,BTC-USDT,OPEN
142,2018-10-25 00:00:00.000,6580.990000000000,-0.015213538415,BTC-USDT,CLOSE
143,2018-10-26 16:49:00.000,6570.220000000000,0.015213538415,BTC-USDT,OPEN
144,2018-11-01 20:00:00.000,6368.170000000000,-0.015721964736,BTC-USDT,CLOSE
145,2018-11-02 04:39:00.000,6393.000000000000,0.015721964736,BTC-USDT,OPEN
146,2018-11-03 20:00:00.000,6366.000000000000,-0.015727323935,BTC-USDT,CLOSE
147,2018-11-04 14:20:00.000,6399.820000000000,0.015727323935,BTC-USDT,OPEN
148,2018-11-09 04:00:00.000,6495.740000000000,-0.015413200678,BTC-USDT,CLOSE
149,2018-11-12 08:01:00.000,6470.090000000000,0.015413200678,BTC-USDT,OPEN
150,2018-11-12 16:00:00.000,6447.290000000000,-0.015529027572,BTC-USDT,CLOSE
151,2018-11-12 22:01:00.000,6468.280000000000,0.015529027572,BTC-USDT,OPEN
152,2018-11-14 20:00:00.000,6381.880000000000,-0.015688189714,BTC-USDT,CLOSE
153,2018-11-19 03:00:00.000,5679.980000000000,0.015688189714,BTC-USDT,OPEN
154,2018-11-19 12:00:00.000,5591.280000000000,-0.017906480121,BTC-USDT,CLOSE
155,2018-11-28 12:41:00.000,4051.830000000000,0.017906480121,BTC-USDT,OPEN
156,2018-11-30 20:00:00.000,4020.040000000000,-0.024905260687,BTC-USDT,CLOSE
157,2018-12-01 18:51:00.000,4177.010000000000,0.024905260687,BTC-USDT,OPEN
158,2018-12-02 16:00:00.000,4180.010000000000,-0.023952130299,BTC-USDT,CLOSE
159,2018-12-03 05:04:00.000,4241.660000000000,0.023952130299,BTC-USDT,OPEN
160,2018-12-03 08:00:00.000,4160.550000000000,-0.024064160790,BTC-USDT,CLOSE
161,2018-12-10 00:23:00.000,3581.950000000000,0.024064160790,BTC-USDT,OPEN
162,2018-12-11 00:00:00.000,3428.790000000000,-0.029199847227,BTC-USDT,CLOSE
163,2018-12-11 00:05:00.000,3514.990000000000,0.029199847227,BTC-USDT,OPEN
164,2018-12-13 08:00:00.000,3446.380000000000,-0.029050813948,BTC-USDT,CLOSE
165,2018-12-17 20:11:00.000,3285.850000000000,0.029050813948,BTC-USDT,OPEN
166,2018-12-23 00:00:00.000,3830.050000000000,-0.026140688548,BTC-USDT,CLOSE
167,2018-12-23 07:11:00.000,3911.980000000000,0.026140688548,BTC-USDT,OPEN
168,2018-12-25 12:00:00.000,3709.100000000000,-0.026993109965,BTC-USDT,CLOSE
169,2018-12-28 23:36:00.000,3685.630000000000,0.026993109965,BTC-USDT,OPEN
170,2018-12-30 08:00:00.000,3696.710000000000,-0.027083580852,BTC-USDT,CLOSE
171,2018-12-30 16:58:00.000,3762.090000000000,0.027083580852,BTC-USDT,OPEN
172,2018-12-31 20:00:00.000,3725.420000000000,-0.026874860867,BTC-USDT,CLOSE
173,2019-01-02 07:21:00.000,3789.330000000000,0.026874860867,BTC-USDT,OPEN
174,2019-01-04 04:00:00.000,3756.000000000000,-0.026656055424,BTC-USDT,CLOSE
175,2019-01-04 14:24:00.000,3785.100000000000,0.026656055424,BTC-USDT,OPEN
176,2019-01-04 20:00:00.000,3754.050000000000,-0.026669901619,BTC-USDT,CLOSE
177,2019-01-05 05:33:00.000,3789.110000000000,0.026669901619,BTC-USDT,OPEN
178,2019-01-06 00:00:00.000,3785.580000000000,-0.026447768683,BTC-USDT,CLOSE
179,2019-01-06 02:45:00.000,3814.310000000000,0.026447768683,BTC-USDT,OPEN
180,2019-01-06 08:00:00.000,3771.120000000000,-0.026549180130,BTC-USDT,CLOSE
181,2019-01-06 19:08:00.000,3813.060000000000,0.026549180130,BTC-USDT,OPEN
182,2019-01-10 16:00:00.000,3777.540000000000,-0.026504059301,BTC-USDT,CLOSE
183,2019-01-14 23:35:00.000,3570.890000000000,0.026504059301,BTC-USDT,OPEN
184,2019-01-16 08:00:00.000,3553.060000000000,-0.028178568381,BTC-USDT,CLOSE
185,2019-01-16 16:50:00.000,3578.080000000000,0.028178568381,BTC-USDT,OPEN
186,2019-01-19 04:00:00.000,3588.000000000000,-0.027904165043,BTC-USDT,CLOSE
187,2019-01-19 10:41:00.000,3608.000000000000,0.027904165043,BTC-USDT,OPEN
188,2019-01-20 20:00:00.000,3580.000000000000,-0.027966520719,BTC-USDT,CLOSE
189,2019-01-23 03:09:00.000,3591.130000000000,0.027966520719,BTC-USDT,OPEN
190,2019-01-23 16:00:00.000,3561.750000000000,-0.028109817975,BTC-USDT,CLOSE
191,2019-01-23 22:19:00.000,3587.710000000000,0.028109817975,BTC-USDT,OPEN
192,2019-01-24 00:00:00.000,3549.090000000000,-0.028210088832,BTC-USDT,CLOSE
193,2019-01-24 19:21:00.000,3559.200000000000,0.028210088832,BTC-USDT,OPEN
194,2019-01-25 20:00:00.000,3541.970000000000,-0.028266796210,BTC-USDT,CLOSE
195,2019-01-26 11:00:00.000,3575.830000000000,0.028266796210,BTC-USDT,OPEN
196,2019-01-27 00:00:00.000,3558.010000000000,-0.028139365593,BTC-USDT,CLOSE
197,2019-01-31 08:57:00.000,3476.110000000000,0.028139365593,BTC-USDT,OPEN
198,2019-01-31 20:00:00.000,3427.790000000000,-0.029208365790,BTC-USDT,CLOSE
199,2019-02-01 16:51:00.000,3439.330000000000,0.029208365790,BTC-USDT,OPEN
200,2019-02-04 04:00:00.000,3445.600000000000,-0.029057390345,BTC-USDT,CLOSE
201,2019-02-04 16:48:00.000,3471.760000000000,0.029057390345,BTC-USDT,OPEN
202,2019-02-04 20:00:00.000,3436.390000000000,-0.029135268166,BTC-USDT,CLOSE
203,2019-02-05 02:43:00.000,3474.220000000000,0.029135268166,BTC-USDT,OPEN
204,2019-02-06 00:00:00.000,3461.180000000000,-0.028926592715,BTC-USDT,CLOSE
205,2019-02-06 08:00:00.000,3471.570000000000,0.028926592715,BTC-USDT,OPEN
206,2019-02-06 12:00:00.000,3423.960000000000,-0.029241037913,BTC-USDT,CLOSE
207,2019-02-08 17:15:00.000,3439.000000000000,0.029241037913,BTC-USDT,OPEN
208,2019-02-13 08:00:00.000,3631.510000000000,-0.027569838489,BTC-USDT,CLOSE
209,2019-02-13 14:27:00.000,3654.120000000000,0.027569838489,BTC-USDT,OPEN
210,2019-02-13 16:00:00.000,3633.980000000000,-0.027551099393,BTC-USDT,CLOSE
211,2019-02-15 22:17:00.000,3626.050000000000,0.027551099393,BTC-USDT,OPEN
212,2019-02-24 00:00:00.000,3941.990000000000,-0.025398375991,BTC-USDT,CLOSE
213,2019-02-24 00:56:00.000,3964.200000000000,0.025398375991,BTC-USDT,OPEN
214,2019-02-25 00:00:00.000,3778.260000000000,-0.026499008584,BTC-USDT,CLOSE
215,2019-02-28 16:55:00.000,3832.860000000000,0.026499008584,BTC-USDT,OPEN
216,2019-03-01 08:00:00.000,3814.260000000000,-0.026248903896,BTC-USDT,CLOSE
217,2019-03-01 15:54:00.000,3835.810000000000,0.026248903896,BTC-USDT,OPEN
218,2019-03-02 08:00:00.000,3822.170000000000,-0.026194581657,BTC-USDT,CLOSE
219,2019-03-02 10:23:00.000,3836.090000000000,0.026194581657,BTC-USDT,OPEN
220,2019-03-02 16:00:00.000,3802.440000000000,-0.026330499409,BTC-USDT,CLOSE
221,2019-03-05 21:32:00.000,3788.020000000000,0.026330499409,BTC-USDT,OPEN
222,2019-03-11 16:00:00.000,3885.490000000000,-0.025767700901,BTC-USDT,CLOSE
223,2019-03-15 19:39:00.000,3912.150000000000,0.025767700901,BTC-USDT,OPEN
224,2019-03-22 00:00:00.000,3968.250000000000,-0.025230301562,BTC-USDT,CLOSE
225,2019-03-27 09:24:00.000,3979.990000000000,0.025230301562,BTC-USDT,OPEN
226,2019-04-11 12:00:00.000,5143.500000000000,-0.019465372640,BTC-USDT,CLOSE
227,2019-04-15 06:06:00.000,5087.370000000000,0.019465372640,BTC-USDT,OPEN
228,2019-04-16 04:00:00.000,5006.830000000000,-0.019996713324,BTC-USDT,CLOSE
229,2019-04-17 01:21:00.000,5084.970000000000,0.019996713324,BTC-USDT,OPEN
230,2019-04-21 20:00:00.000,5217.500000000000,-0.019189294523,BTC-USDT,CLOSE
231,2019-04-22 18:47:00.000,5279.990000000000,0.019189294523,BTC-USDT,OPEN
232,2019-04-26 08:00:00.000,5220.470000000000,-0.019178377459,BTC-USDT,CLOSE
233,2019-04-26 10:38:00.000,5437.580000000000,0.019178377459,BTC-USDT,OPEN
234,2019-04-29 04:00:00.000,5291.170000000000,-0.018922118203,BTC-USDT,CLOSE
235,2019-04-30 21:21:00.000,5291.750000000000,0.018922118203,BTC-USDT,OPEN
236,2019-05-17 12:00:00.000,7343.940000000000,-0.013633028616,BTC-USDT,CLOSE
237,2019-05-19 09:22:00.000,7548.590000000000,0.013633028616,BTC-USDT,OPEN
238,2019-05-22 20:00:00.000,7802.950000000000,-0.012831063146,BTC-USDT,CLOSE
239,2019-05-22 23:22:00.000,7927.410000000000,0.012831063146,BTC-USDT,OPEN
240,2019-05-23 08:00:00.000,7627.800000000000,-0.013125690785,BTC-USDT,CLOSE
241,2019-05-24 06:26:00.000,7913.250000000000,0.013125690785,BTC-USDT,OPEN
242,2019-05-31 04:00:00.000,8620.209999999999,-0.011614582959,BTC-USDT,CLOSE
243,2019-06-02 15:35:00.000,8611.870000000001,0.011614582959,BTC-USDT,OPEN
244,2019-06-03 16:00:00.000,8469.980000000000,-0.011820588027,BTC-USDT,CLOSE
245,2019-06-07 16:08:00.000,7964.940000000000,0.011820588027,BTC-USDT,OPEN
246,2019-06-09 04:00:00.000,7810.540000000000,-0.012818594383,BTC-USDT,CLOSE
247,2019-06-09 06:29:00.000,7889.540000000000,0.012818594383,BTC-USDT,OPEN
248,2019-06-10 00:00:00.000,7718.920000000000,-0.012970745153,BTC-USDT,CLOSE
249,2019-06-10 19:34:00.000,7873.300000000000,0.012970745153,BTC-USDT,OPEN
250,2019-06-11 20:00:00.000,7767.550000000000,-0.012889539710,BTC-USDT,CLOSE
251,2019-06-12 04:01:00.000,7888.480000000000,0.012889539710,BTC-USDT,OPEN
252,2019-06-20 00:00:00.000,9088.830000000000,-0.011015735158,BTC-USDT,CLOSE
253,2019-06-20 06:00:00.000,9211.080000000000,0.011015735158,BTC-USDT,OPEN
254,2019-06-28 04:00:00.000,11029.959999999999,-0.009077108546,BTC-USDT,CLOSE
255,2019-06-28 19:54:00.000,12132.219999999999,0.009077108546,BTC-USDT,OPEN
256,2019-06-29 12:00:00.000,11622.190000000001,-0.008614567837,BTC-USDT,CLOSE
257,2019-07-03 09:04:00.000,11347.920000000000,0.008614567837,BTC-USDT,OPEN
258,2019-07-05 16:00:00.000,10985.219999999999,-0.009114077294,BTC-USDT,CLOSE
259,2019-07-05 18:36:00.000,11237.389999999999,0.009114077294,BTC-USDT,OPEN
260,2019-07-06 04:00:00.000,11110.469999999999,-0.009011332929,BTC-USDT,CLOSE
261,2019-07-06 08:58:00.000,11332.860000000001,0.009011332929,BTC-USDT,OPEN
262,2019-07-07 08:00:00.000,11256.450000000001,-0.008894468875,BTC-USDT,CLOSE
263,2019-07-08 04:04:00.000,11499.990000000000,0.008894468875,BTC-USDT,OPEN
264,2019-07-11 12:00:00.000,11701.170000000000,-0.008556421638,BTC-USDT,CLOSE
265,2019-07-18 22:46:00.000,10260.650000000000,0.008556421638,BTC-USDT,OPEN
266,2019-07-23 00:00:00.000,10240.809999999999,-0.009776584486,BTC-USDT,CLOSE
267,2019-07-27 08:11:00.000,9970.639999999999,0.009776584486,BTC-USDT,OPEN
268,2019-07-27 20:00:00.000,9525.809999999999,-0.010510407427,BTC-USDT,CLOSE
269,2019-07-30 23:16:00.000,9608.230000000000,0.010510407427,BTC-USDT,OPEN
270,2019-08-09 20:00:00.000,11705.030000000001,-0.008553599963,BTC-USDT,CLOSE
271,2019-08-10 06:00:00.000,11929.639999999999,0.008553599963,BTC-USDT,OPEN
272,2019-08-10 20:00:00.000,11395.230000000000,-0.008786145095,BTC-USDT,CLOSE
273,2019-08-19 12:00:00.000,10398.230000000000,0.008786145095,BTC-USDT,OPEN
274,2019-08-21 12:00:00.000,10322.049999999999,-0.009699637589,BTC-USDT,CLOSE
275,2019-08-23 23:16:00.000,10431.459999999999,0.009699637589,BTC-USDT,OPEN
276,2019-08-24 20:00:00.000,10007.090000000000,-0.010004920928,BTC-USDT,CLOSE
277,2019-08-25 20:45:00.000,10152.840000000000,0.010004920928,BTC-USDT,OPEN
278,2019-08-27 12:00:00.000,10200.000000000000,-0.009815700409,BTC-USDT,CLOSE
279,2019-08-28 21:10:00.000,10209.969999999999,0.009815700409,BTC-USDT,OPEN
280,2019-08-29 04:00:00.000,9685.230000000000,-0.010337404912,BTC-USDT,CLOSE
281,2019-09-01 23:41:00.000,9601.959999999999,0.010337404912,BTC-USDT,OPEN
282,2019-09-07 04:00:00.000,10374.170000000000,-0.009650906451,BTC-USDT,CLOSE
283,2019-09-12 21:16:00.000,10263.639999999999,0.009650906451,BTC-USDT,OPEN
284,2019-09-21 12:00:00.000,10126.860000000001,-0.009886593097,BTC-USDT,CLOSE
285,2019-09-29 06:44:00.000,8200.850000000000,0.009886593097,BTC-USDT,OPEN
286,2019-09-29 12:00:00.000,8130.040000000000,-0.012314840293,BTC-USDT,CLOSE
287,2019-09-30 21:31:00.000,8082.350000000000,0.012314840293,BTC-USDT,OPEN
288,2019-10-11 20:00:00.000,8299.430000000000,-0.012063496430,BTC-USDT,CLOSE
289,2019-10-15 08:18:00.000,8384.990000000000,0.012063496430,BTC-USDT,OPEN
290,2019-10-15 12:00:00.000,8316.260000000000,-0.012039082974,BTC-USDT,CLOSE
291,2019-10-19 20:57:00.000,8034.370000000000,0.012039082974,BTC-USDT,OPEN
292,2019-10-23 08:00:00.000,8020.060000000000,-0.012483715106,BTC-USDT,CLOSE
293,2019-10-25 23:46:00.000,7836.440000000000,0.012483715106,BTC-USDT,OPEN
294,2019-10-30 04:00:00.000,9227.760000000000,-0.010849886015,BTC-USDT,CLOSE
295,2019-11-02 20:02:00.000,9248.830000000000,0.010849886015,BTC-USDT,OPEN
296,2019-11-03 20:00:00.000,9155.260000000000,-0.010935805665,BTC-USDT,CLOSE
297,2019-11-04 19:55:00.000,9249.000000000000,0.010935805665,BTC-USDT,OPEN
298,2019-11-05 16:00:00.000,9225.059999999999,-0.010853061571,BTC-USDT,CLOSE
299,2019-11-05 17:23:00.000,9287.580000000000,0.010853061571,BTC-USDT,OPEN
300,2019-11-07 16:00:00.000,9258.959999999999,-0.010813325057,BTC-USDT,CLOSE
301,2019-11-11 00:19:00.000,9025.000000000000,0.010813325057,BTC-USDT,OPEN
302,2019-11-11 16:00:00.000,8812.799999999999,-0.011360764362,BTC-USDT,CLOSE
303,2019-11-12 20:06:00.000,8772.219999999999,0.011360764362,BTC-USDT,OPEN
304,2019-11-18 08:00:00.000,8502.870000000001,-0.011774864742,BTC-USDT,CLOSE
305,2019-11-26 00:04:00.000,7273.920000000000,0.011774864742,BTC-USDT,OPEN
306,2019-11-26 08:00:00.000,7109.990000000000,-0.014081615329,BTC-USDT,CLOSE
307,2019-11-26 12:00:00.000,7245.830000000000,0.014081615329,BTC-USDT,OPEN
308,2019-11-27 00:00:00.000,7097.480000000000,-0.014106435548,BTC-USDT,CLOSE
309,2019-11-27 20:03:00.000,7173.840000000000,0.014106435548,BTC-USDT,OPEN
310,2019-12-01 12:00:00.000,7287.000000000000,-0.013739555945,BTC-USDT,CLOSE
311,2019-12-04 21:22:00.000,7294.440000000000,0.013739555945,BTC-USDT,OPEN
312,2019-12-05 08:00:00.000,7194.590000000000,-0.013916031931,BTC-USDT,CLOSE
313,2019-12-05 17:05:00.000,7370.030000000000,0.013916031931,BTC-USDT,OPEN
314,2019-12-10 00:00:00.000,7423.910000000000,-0.013486174290,BTC-USDT,CLOSE
315,2019-12-14 00:03:00.000,7271.280000000000,0.013486174290,BTC-USDT,OPEN
316,2019-12-14 20:00:00.000,7185.490000000000,-0.013933655766,BTC-USDT,CLOSE
317,2019-12-19 04:11:00.000,6982.110000000000,0.013933655766,BTC-USDT,OPEN
318,2019-12-24 16:00:00.000,7264.910000000000,-0.013781333034,BTC-USDT,CLOSE
319,2019-12-24 16:53:00.000,7312.480000000000,0.013781333034,BTC-USDT,OPEN
320,2019-12-25 00:00:00.000,7277.470000000000,-0.013757548183,BTC-USDT,CLOSE
321,2019-12-27 01:16:00.000,7373.660000000000,0.013757548183,BTC-USDT,OPEN
322,2019-12-28 04:00:00.000,7215.050000000000,-0.013876569694,BTC-USDT,CLOSE
323,2019-12-28 08:32:00.000,7283.100000000000,0.013876569694,BTC-USDT,OPEN
324,2019-12-31 00:00:00.000,7261.100000000000,-0.013788564291,BTC-USDT,CLOSE
325,2020-01-03 12:43:00.000,7095.620000000000,0.013788564291,BTC-USDT,OPEN
326,2020-01-10 08:00:00.000,7817.740000000000,-0.012806788685,BTC-USDT,CLOSE
327,2020-01-10 23:15:00.000,8040.000000000000,0.012806788685,BTC-USDT,OPEN
328,2020-01-12 08:00:00.000,8020.010000000000,-0.012483792935,BTC-USDT,CLOSE
329,2020-01-12 13:51:00.000,8104.220000000000,0.012483792935,BTC-USDT,OPEN
330,2020-01-19 20:00:00.000,8681.160000000000,-0.011533037540,BTC-USDT,CLOSE
331,2020-01-22 15:24:00.000,8798.879999999999,0.011533037540,BTC-USDT,OPEN
332,2020-01-22 20:00:00.000,8659.000000000000,-0.011562552740,BTC-USDT,CLOSE
333,2020-01-26 20:00:00.000,8479.150000000000,0.011562552740,BTC-USDT,OPEN
334,2020-02-02 00:00:00.000,9333.730000000000,-0.010726702419,BTC-USDT,CLOSE
335,2020-02-02 18:10:00.000,9415.530000000001,0.010726702419,BTC-USDT,OPEN
336,2020-02-03 08:00:00.000,9331.590000000000,-0.010729162358,BTC-USDT,CLOSE
337,2020-02-03 09:29:00.000,9430.000000000000,0.010729162358,BTC-USDT,OPEN
338,2020-02-03 16:00:00.000,9368.160000000000,-0.010687279484,BTC-USDT,CLOSE
339,2020-02-05 18:42:00.000,9361.670000000000,0.010687279484,BTC-USDT,OPEN
340,2020-02-10 20:00:00.000,9821.410000000000,-0.010194070319,BTC-USDT,CLOSE
341,2020-02-11 23:22:00.000,9955.049999999999,0.010194070319,BTC-USDT,OPEN
342,2020-02-14 16:00:00.000,10124.980000000000,-0.009888428834,BTC-USDT,CLOSE
343,2020-02-14 18:00:00.000,10223.860000000001,0.009888428834,BTC-USDT,OPEN
344,2020-02-15 16:00:00.000,10221.030000000001,-0.009795504384,BTC-USDT,CLOSE
345,2020-02-19 02:01:00.000,9968.790000000001,0.009795504384,BTC-USDT,OPEN
346,2020-02-20 08:00:00.000,9594.650000000000,-0.010434997022,BTC-USDT,CLOSE
347,2020-02-23 18:29:00.000,9946.549999999999,0.010434997022,BTC-USDT,OPEN
348,2020-02-23 20:00:00.000,9825.389999999999,-0.010189940977,BTC-USDT,CLOSE
349,2020-02-23 20:01:00.000,9835.670000000000,0.010189940977,BTC-USDT,OPEN
350,2020-02-25 00:00:00.000,9703.000000000000,-0.010318473067,BTC-USDT,CLOSE
351,2020-03-02 18:37:00.000,8746.790000000001,0.010318473067,BTC-USDT,OPEN
352,2020-03-05 00:00:00.000,8700.000000000000,-0.011508062549,BTC-USDT,CLOSE
353,2020-03-05 08:14:00.000,8783.879999999999,0.011508062549,BTC-USDT,OPEN
354,2020-03-08 04:00:00.000,8884.910000000000,-0.011268560309,BTC-USDT,CLOSE
355,2020-03-16 05:58:00.000,5859.910000000000,0.011268560309,BTC-USDT,OPEN
356,2020-03-18 16:00:00.000,5148.730000000000,-0.019445600016,BTC-USDT,CLOSE
357,2020-03-18 21:55:00.000,5372.560000000000,0.019445600016,BTC-USDT,OPEN
358,2020-03-28 08:00:00.000,6359.110000000000,-0.015744364254,BTC-USDT,CLOSE
359,2020-03-30 23:34:00.000,6400.000000000000,0.015744364254,BTC-USDT,OPEN
360,2020-04-02 00:00:00.000,6230.010000000000,-0.016070623349,BTC-USDT,CLOSE
361,2020-04-02 04:46:00.000,6325.400000000000,0.016070623349,BTC-USDT,OPEN
362,2020-04-09 20:00:00.000,7184.000000000000,-0.013936545681,BTC-USDT,CLOSE
363,2020-04-09 20:52:00.000,7247.860000000000,0.013936545681,BTC-USDT,OPEN
364,2020-04-10 12:00:00.000,7175.770000000000,-0.013952529718,BTC-USDT,CLOSE
365,2020-04-13 00:20:00.000,7070.500000000000,0.013952529718,BTC-USDT,OPEN
366,2020-04-13 08:00:00.000,6903.790000000000,-0.014502200121,BTC-USDT,CLOSE
367,2020-04-14 12:09:00.000,6910.010000000000,0.014502200121,BTC-USDT,OPEN
368,2020-04-14 16:00:00.000,6817.770000000000,-0.014685174797,BTC-USDT,CLOSE
369,2020-04-14 22:05:00.000,6905.780000000000,0.014685174797,BTC-USDT,OPEN
370,2020-04-15 20:00:00.000,6782.860000000000,-0.014760756403,BTC-USDT,CLOSE
371,2020-04-16 15:13:00.000,6865.490000000000,0.014760756403,BTC-USDT,OPEN
372,2020-04-20 20:00:00.000,6965.420000000000,-0.014373884730,BTC-USDT,CLOSE
373,2020-04-22 21:45:00.000,7058.660000000000,0.014373884730,BTC-USDT,OPEN
374,2020-05-04 00:00:00.000,8812.780000000001,-0.011360790145,BTC-USDT,CLOSE
375,2020-05-05 05:12:00.000,8931.260000000000,0.011360790145,BTC-USDT,OPEN
376,2020-05-05 12:00:00.000,8850.000000000000,-0.011313010641,BTC-USDT,CLOSE
377,2020-05-05 12:46:00.000,8940.610000000001,0.011313010641,BTC-USDT,OPEN
378,2020-05-05 20:00:00.000,8845.639999999999,-0.011318586804,BTC-USDT,CLOSE
379,2020-05-06 05:00:00.000,8938.040000000001,0.011318586804,BTC-USDT,OPEN
380,2020-05-10 08:00:00.000,9539.100000000000,-0.010495764189,BTC-USDT,CLOSE
381,2020-05-13 19:46:00.000,8992.930000000000,0.010495764189,BTC-USDT,OPEN
382,2020-05-17 04:00:00.000,9329.780000000001,-0.010731243842,BTC-USDT,CLOSE
383,2020-05-17 09:26:00.000,9500.030000000001,0.010731243842,BTC-USDT,OPEN
384,2020-05-19 12:00:00.000,9530.510000000000,-0.010505224188,BTC-USDT,CLOSE
385,2020-05-19 16:03:00.000,9640.889999999999,0.010505224188,BTC-USDT,OPEN
386,2020-05-21 00:00:00.000,9414.510000000000,-0.010634663320,BTC-USDT,CLOSE
387,2020-05-27 18:30:00.000,8986.170000000000,0.010634663320,BTC-USDT,OPEN
388,2020-06-01 08:00:00.000,9448.270000000000,-0.010596664170,BTC-USDT,CLOSE
389,2020-06-01 09:56:00.000,9535.799999999999,0.010596664170,BTC-USDT,OPEN
390,2020-06-03 00:00:00.000,9468.080000000000,-0.010574492840,BTC-USDT,CLOSE
391,2020-06-04 21:20:00.000,9674.559999999999,0.010574492840,BTC-USDT,OPEN
392,2020-06-05 20:00:00.000,9697.790000000001,-0.010324016521,BTC-USDT,CLOSE
393,2020-06-06 20:00:00.000,9693.850000000000,0.010324016521,BTC-USDT,OPEN
394,2020-06-07 00:00:00.000,9651.590000000000,-0.010373435276,BTC-USDT,CLOSE
395,2020-06-07 04:55:00.000,9696.120000000001,0.010373435276,BTC-USDT,OPEN
396,2020-06-07 16:00:00.000,9658.990000000000,-0.010365487921,BTC-USDT,CLOSE
397,2020-06-08 03:54:00.000,9693.889999999999,0.010365487921,BTC-USDT,OPEN
398,2020-06-09 12:00:00.000,9678.950000000001,-0.010344112137,BTC-USDT,CLOSE
399,2020-06-09 20:00:00.000,9721.230000000000,0.010344112137,BTC-USDT,OPEN
400,2020-06-12 00:00:00.000,9521.540000000001,-0.010515120891,BTC-USDT,CLOSE
401,2020-06-16 02:09:00.000,9395.780000000001,0.010515120891,BTC-USDT,OPEN
402,2020-06-18 00:00:00.000,9399.200000000001,-0.010651985719,BTC-USDT,CLOSE
403,2020-06-18 07:39:00.000,9446.260000000000,0.010651985719,BTC-USDT,OPEN
404,2020-06-19 00:00:00.000,9385.990000000000,-0.010666977503,BTC-USDT,CLOSE
405,2020-06-21 14:00:00.000,9388.010000000000,0.010666977503,BTC-USDT,OPEN
406,2020-06-22 04:00:00.000,9351.139999999999,-0.010706731390,BTC-USDT,CLOSE
407,2020-06-22 09:58:00.000,9390.250000000000,0.010706731390,BTC-USDT,OPEN
408,2020-06-24 20:00:00.000,9331.320000000000,-0.010729472805,BTC-USDT,CLOSE
409,2020-06-30 02:00:00.000,9160.139999999999,0.010729472805,BTC-USDT,OPEN
410,2020-07-03 00:00:00.000,9048.920000000000,-0.011064319739,BTC-USDT,CLOSE
411,2020-07-05 01:34:00.000,9084.850000000000,0.011064319739,BTC-USDT,OPEN
412,2020-07-05 16:00:00.000,9062.170000000000,-0.011048142351,BTC-USDT,CLOSE
413,2020-07-06 14:10:00.000,9122.000000000000,0.011048142351,BTC-USDT,OPEN
414,2020-07-10 00:00:00.000,9208.580000000000,-0.010872484593,BTC-USDT,CLOSE
415,2020-07-12 21:19:00.000,9288.660000000000,0.010872484593,BTC-USDT,OPEN
416,2020-07-14 04:00:00.000,9234.559999999999,-0.010841896547,BTC-USDT,CLOSE
417,2020-07-18 17:05:00.000,9179.530000000001,0.010841896547,BTC-USDT,OPEN
418,2020-07-19 12:00:00.000,9153.410000000000,-0.010938015906,BTC-USDT,CLOSE
419,2020-07-20 00:38:00.000,9143.559999999999,0.010938015906,BTC-USDT,OPEN
420,2020-07-20 20:00:00.000,9147.719999999999,-0.010944819493,BTC-USDT,CLOSE
421,2020-07-20 22:26:00.000,9170.870000000001,0.010944819493,BTC-USDT,OPEN
422,2020-08-02 20:00:00.000,11105.540000000001,-0.009015333264,BTC-USDT,CLOSE
423,2020-08-04 00:18:00.000,11440.000000000000,0.009015333264,BTC-USDT,OPEN
424,2020-08-04 08:00:00.000,11219.680000000000,-0.008923618514,BTC-USDT,CLOSE
425,2020-08-05 18:05:00.000,11425.000000000000,0.008923618514,BTC-USDT,OPEN
426,2020-08-08 04:00:00.000,11488.900000000000,-0.008714510891,BTC-USDT,CLOSE
427,2020-08-08 05:53:00.000,11606.000000000000,0.008714510891,BTC-USDT,OPEN
428,2020-08-08 12:00:00.000,11544.350000000000,-0.008672653218,BTC-USDT,CLOSE
429,2020-08-08 17:15:00.000,11639.410000000000,0.008672653218,BTC-USDT,OPEN
430,2020-08-09 20:00:00.000,11686.080000000000,-0.008567470373,BTC-USDT,CLOSE
431,2020-08-10 09:06:00.000,11769.990000000000,0.008567470373,BTC-USDT,OPEN
432,2020-08-12 00:00:00.000,11480.780000000001,-0.008720674394,BTC-USDT,CLOSE
433,2020-08-14 05:07:00.000,11712.490000000000,0.008720674394,BTC-USDT,OPEN
434,2020-08-19 00:00:00.000,11934.410000000000,-0.008389199313,BTC-USDT,CLOSE
435,2020-08-19 05:10:00.000,12059.690000000001,0.008389199313,BTC-USDT,OPEN
436,2020-08-19 08:00:00.000,11945.100000000000,-0.008381691587,BTC-USDT,CLOSE
437,2020-08-24 14:37:00.000,11704.830000000000,0.008381691587,BTC-USDT,OPEN
438,2020-08-25 16:00:00.000,11586.410000000000,-0.008641170490,BTC-USDT,CLOSE
439,2020-08-28 23:43:00.000,11491.290000000001,0.008641170490,BTC-USDT,OPEN
440,2020-09-02 20:00:00.000,11406.010000000000,-0.008777841171,BTC-USDT,CLOSE
441,2020-09-08 06:41:00.000,10311.170000000000,0.008777841171,BTC-USDT,OPEN
442,2020-09-08 20:00:00.000,9981.740000000000,-0.010030329799,BTC-USDT,CLOSE
443,2020-09-09 19:16:00.000,10246.760000000000,0.010030329799,BTC-USDT,OPEN
444,2020-09-13 20:00:00.000,10324.879999999999,-0.009696978965,BTC-USDT,CLOSE
445,2020-09-14 15:59:00.000,10375.610000000001,0.009696978965,BTC-USDT,OPEN
446,2020-09-19 04:00:00.000,10866.549999999999,-0.009213609119,BTC-USDT,CLOSE
447,2020-09-19 05:59:00.000,10928.690000000001,0.009213609119,BTC-USDT,OPEN
448,2020-09-20 12:00:00.000,10948.799999999999,-0.009144394287,BTC-USDT,CLOSE
449,2020-09-25 00:00:00.000,10545.070000000000,0.009144394287,BTC-USDT,OPEN
450,2020-09-29 08:00:00.000,10696.110000000001,-0.009360425816,BTC-USDT,CLOSE
451,2020-09-30 07:11:00.000,10785.090000000000,0.009360425816,BTC-USDT,OPEN
452,2020-09-30 12:00:00.000,10742.230000000000,-0.009320238365,BTC-USDT,CLOSE
453,2020-10-01 08:04:00.000,10798.900000000000,0.009320238365,BTC-USDT,OPEN
454,2020-10-02 00:00:00.000,10716.230000000000,-0.009342851373,BTC-USDT,CLOSE
455,2020-10-05 03:03:00.000,10634.549999999999,0.009342851373,BTC-USDT,OPEN
456,2020-10-07 04:00:00.000,10571.350000000000,-0.009470894841,BTC-USDT,CLOSE
457,2020-10-08 21:07:00.000,10692.969999999999,0.009470894841,BTC-USDT,OPEN
458,2020-10-14 12:00:00.000,11390.000000000000,-0.008790179471,BTC-USDT,CLOSE
459,2020-10-14 21:36:00.000,11426.860000000001,0.008790179471,BTC-USDT,OPEN
460,2020-10-15 12:00:00.000,11378.959999999999,-0.008798707806,BTC-USDT,CLOSE
461,2020-10-16 01:53:00.000,11473.760000000000,0.008798707806,BTC-USDT,OPEN
462,2020-10-16 16:00:00.000,11305.870000000001,-0.008855589545,BTC-USDT,CLOSE
463,2020-10-18 14:43:00.000,11398.910000000000,0.008855589545,BTC-USDT,OPEN
464,2020-10-27 00:00:00.000,12978.400000000000,-0.007714367270,BTC-USDT,CLOSE
465,2020-10-27 07:33:00.000,13075.160000000000,0.007714367270,BTC-USDT,OPEN
466,2020-10-29 00:00:00.000,13221.260000000000,-0.007572662830,BTC-USDT,CLOSE
467,2020-10-29 22:29:00.000,13326.690000000001,0.007572662830,BTC-USDT,OPEN
468,2020-10-30 16:00:00.000,13218.959999999999,-0.007573980417,BTC-USDT,CLOSE
469,2020-10-30 23:24:00.000,13452.420000000000,0.007573980417,BTC-USDT,OPEN
470,2020-11-02 20:00:00.000,13402.180000000000,-0.007470437210,BTC-USDT,CLOSE
471,2020-11-03 22:56:00.000,13749.080000000000,0.007470437210,BTC-USDT,OPEN
472,2020-11-04 16:00:00.000,13600.459999999999,-0.007361526314,BTC-USDT,CLOSE
473,2020-11-04 20:21:00.000,13777.010000000000,0.007361526314,BTC-USDT,OPEN
474,2020-11-08 04:00:00.000,14643.520000000000,-0.006837163754,BTC-USDT,CLOSE
475,2020-11-08 10:06:00.000,15092.370000000001,0.006837163754,BTC-USDT,OPEN
476,2020-11-10 00:00:00.000,15000.959999999999,-0.006674249126,BTC-USDT,CLOSE
477,2020-11-11 08:47:00.000,15444.580000000000,0.006674249126,BTC-USDT,OPEN
478,2020-11-15 04:00:00.000,15881.320000000000,-0.006304270941,BTC-USDT,CLOSE
479,2020-11-15 07:03:00.000,16048.370000000001,0.006304270941,BTC-USDT,OPEN
480,2020-11-15 12:00:00.000,15929.480000000000,-0.006285211079,BTC-USDT,CLOSE
481,2020-11-15 16:32:00.000,16143.690000000001,0.006285211079,BTC-USDT,OPEN
482,2020-11-15 20:00:00.000,15953.730000000000,-0.006275657428,BTC-USDT,CLOSE
483,2020-11-16 14:12:00.000,16198.570000000000,0.006275657428,BTC-USDT,OPEN
484,2020-11-22 20:00:00.000,17891.759999999998,-0.005595880124,BTC-USDT,CLOSE
485,2020-11-23 00:25:00.000,18421.290000000001,0.005595880124,BTC-USDT,OPEN
486,2020-11-24 00:00:00.000,18261.860000000001,-0.005482472441,BTC-USDT,CLOSE
487,2020-11-24 17:21:00.000,18680.000000000000,0.005482472441,BTC-USDT,OPEN
488,2020-11-26 12:00:00.000,17927.980000000000,-0.005584574736,BTC-USDT,CLOSE
489,2020-11-29 11:59:00.000,17797.750000000000,0.005584574736,BTC-USDT,OPEN
490,2020-12-04 12:00:00.000,19162.619999999999,-0.005224762802,BTC-USDT,CLOSE
491,2020-12-04 16:35:00.000,19410.810000000001,0.005224762802,BTC-USDT,OPEN
492,2020-12-04 20:00:00.000,18834.480000000000,-0.005315790198,BTC-USDT,CLOSE
493,2020-12-06 08:05:00.000,19251.950000000001,0.005315790198,BTC-USDT,OPEN
494,2020-12-06 20:00:00.000,19089.150000000001,-0.005244871782,BTC-USDT,CLOSE
495,2020-12-07 07:09:00.000,19255.389999999999,0.005244871782,BTC-USDT,OPEN
496,2020-12-07 20:00:00.000,19103.790000000001,-0.005240852426,BTC-USDT,CLOSE
497,2020-12-08 08:51:00.000,19225.000000000000,0.005240852426,BTC-USDT,OPEN
498,2020-12-08 20:00:00.000,18762.950000000001,-0.005336055587,BTC-USDT,CLOSE
499,2020-12-12 16:02:00.000,18396.270000000000,0.005336055587,BTC-USDT,OPEN
500,2020-12-21 20:00:00.000,22646.700000000001,-0.004420959529,BTC-USDT,CLOSE
501,2020-12-22 21:54:00.000,23511.200000000001,0.004420959529,BTC-USDT,OPEN
502,2020-12-23 20:00:00.000,23064.009999999998,-0.004340968642,BTC-USDT,CLOSE
503,2020-12-23 20:38:00.000,23670.740000000002,0.004340968642,BTC-USDT,OPEN
504,2020-12-24 08:00:00.000,23232.389999999999,-0.004309506864,BTC-USDT,CLOSE
505,2020-12-25 04:56:00.000,23482.009999999998,0.004309506864,BTC-USDT,OPEN
506,2021-01-04 20:00:00.000,30742.990000000002,-0.003256682065,BTC-USDT,CLOSE
507,2021-01-04 22:00:00.000,31400.000000000000,0.003256682065,BTC-USDT,OPEN
508,2021-01-05 12:00:00.000,31190.040000000001,-0.003210003712,BTC-USDT,CLOSE
509,2021-01-05 22:59:00.000,32214.990000000002,0.003210003712,BTC-USDT,OPEN
510,2021-01-11 04:00:00.000,37472.400000000001,-0.002671836983,BTC-USDT,CLOSE
511,2021-01-14 05:47:00.000,36600.000000000000,0.002671836983,BTC-USDT,OPEN
512,2021-01-16 00:00:00.000,35610.790000000001,-0.002811511460,BTC-USDT,CLOSE
513,2021-01-16 08:07:00.000,37235.739999999998,0.002811511460,BTC-USDT,OPEN
514,2021-01-16 12:00:00.000,36532.919999999998,-0.002740545901,BTC-USDT,CLOSE
515,2021-01-16 16:35:00.000,37231.669999999998,0.002740545901,BTC-USDT,OPEN
516,2021-01-17 04:00:00.000,36376.389999999999,-0.002752338651,BTC-USDT,CLOSE
517,2021-01-18 20:15:00.000,37278.559999999998,0.002752338651,BTC-USDT,OPEN
518,2021-01-20 04:00:00.000,36281.660000000003,-0.002759524900,BTC-USDT,CLOSE
519,2021-01-25 09:57:00.000,32897.220000000001,0.002759524900,BTC-USDT,OPEN
520,2021-01-26 08:00:00.000,32254.189999999999,-0.003104097302,BTC-USDT,CLOSE
521,2021-01-29 02:48:00.000,32497.000000000000,0.003104097302,BTC-USDT,OPEN
522,2021-02-01 00:00:00.000,32862.650000000001,-0.003046624182,BTC-USDT,CLOSE
523,2021-02-01 17:00:00.000,34475.570000000000,0.003046624182,BTC-USDT,OPEN
524,2021-02-02 00:00:00.000,33160.000000000000,-0.003019304710,BTC-USDT,CLOSE
525,2021-02-02 16:59:00.000,34604.989999999998,0.003019304710,BTC-USDT,OPEN
526,2021-02-08 00:00:00.000,37921.120000000003,-0.002640221179,BTC-USDT,CLOSE
527,2021-02-08 07:03:00.000,38866.230000000003,0.002640221179,BTC-USDT,OPEN
528,2021-02-08 12:00:00.000,38073.019999999997,-0.002629687484,BTC-USDT,CLOSE
529,2021-02-08 14:13:00.000,38930.379999999997,0.002629687484,BTC-USDT,OPEN
530,2021-02-13 20:00:00.000,46586.230000000003,-0.002149136004,BTC-USDT,CLOSE
531,2021-02-13 23:06:00.000,47160.839999999997,0.002149136004,BTC-USDT,OPEN
532,2021-02-15 12:00:00.000,47120.309999999998,-0.002124776857,BTC-USDT,CLOSE
533,2021-02-16 00:18:00.000,48213.000000000000,0.002124776857,BTC-USDT,OPEN
534,2021-02-22 20:00:00.000,54515.000000000000,-0.001836561390,BTC-USDT,CLOSE
535,2021-03-01 18:43:00.000,47427.919999999998,0.001836561390,BTC-USDT,OPEN
536,2021-03-05 04:00:00.000,48000.370000000003,-0.002085820259,BTC-USDT,CLOSE
537,2021-03-07 10:33:00.000,49670.000000000000,0.002085820259,BTC-USDT,OPEN
538,2021-03-15 16:00:00.000,57789.750000000000,-0.001732489657,BTC-USDT,CLOSE
539,2021-03-18 04:22:00.000,58101.440000000002,0.001732489657,BTC-USDT,OPEN
540,2021-03-21 12:00:00.000,57790.000000000000,-0.001732482163,BTC-USDT,CLOSE
541,2021-03-24 20:02:00.000,56803.209999999999,0.001732482163,BTC-USDT,OPEN
542,2021-03-25 04:00:00.000,54736.519999999997,-0.001829128782,BTC-USDT,CLOSE
543,2021-03-27 05:39:00.000,54375.000000000000,0.001829128782,BTC-USDT,OPEN
544,2021-04-04 00:00:00.000,58829.989999999998,-0.001701855536,BTC-USDT,CLOSE
545,2021-04-05 22:41:00.000,58853.010000000002,0.001701855536,BTC-USDT,OPEN
546,2021-04-07 00:00:00.000,57818.540000000001,-0.001731626986,BTC-USDT,CLOSE
547,2021-04-07 14:02:00.000,58527.269999999997,0.001731626986,BTC-USDT,OPEN
548,2021-04-16 16:00:00.000,61414.879999999997,-0.001630226163,BTC-USDT,CLOSE
549,2021-04-26 09:41:00.000,51402.589999999997,0.001630226163,BTC-USDT,OPEN
550,2021-04-30 00:00:00.000,53703.110000000001,-0.001864326743,BTC-USDT,CLOSE
551,2021-04-30 21:30:00.000,54817.680000000000,0.001864326743,BTC-USDT,OPEN
552,2021-05-04 12:00:00.000,55452.160000000003,-0.001805522890,BTC-USDT,CLOSE
553,2021-05-05 23:00:00.000,56982.919999999998,0.001805522890,BTC-USDT,OPEN
554,2021-05-07 04:00:00.000,56128.419999999998,-0.001783769152,BTC-USDT,CLOSE
555,2021-05-07 20:34:00.000,56781.639999999999,0.001783769152,BTC-USDT,OPEN
556,2021-05-10 00:00:00.000,57379.580000000002,-0.001744874120,BTC-USDT,CLOSE
557,2021-05-10 05:46:00.000,58057.080000000002,0.001744874120,BTC-USDT,OPEN
558,2021-05-11 04:00:00.000,55733.760000000002,-0.001796400318,BTC-USDT,CLOSE
559,2021-05-24 20:31:00.000,38311.629999999997,0.001796400318,BTC-USDT,OPEN
560,2021-05-25 20:00:00.000,36537.169999999998,-0.002740227121,BTC-USDT,CLOSE
561,2021-05-25 21:29:00.000,37585.309999999998,0.002740227121,BTC-USDT,OPEN
562,2021-06-04 16:00:00.000,36606.800000000003,-0.002735014920,BTC-USDT,CLOSE
563,2021-06-05 15:20:00.000,37885.660000000003,0.002735014920,BTC-USDT,OPEN
564,2021-06-05 20:00:00.000,35869.419999999998,-0.002791239562,BTC-USDT,CLOSE
565,2021-06-09 20:12:00.000,35186.699999999997,0.002791239562,BTC-USDT,OPEN
